corr,key1,key2,shift,Piece-wise_shift,amplitude_clipping,comment,noise_level,part_of_audio_missing
0.004398671116247,EMO_1004_1_0,EMO_1004_2_0,-1.53875,,,,0.0,
0.005830348870664,EMO_1065_1_0,EMO_1065_2_0,-1.58,,,,1.0,
0.003745865230944,EMO_1082_1_0,EMO_1082_2_0,-1.5195625,,,,1.0,
0.004208515176673,EMO_1083_1_0,EMO_1083_2_0,-1.5661875,,,,1.0,
0.004709919036921999,EMO_1108_1_0,EMO_1108_2_0,-1.5139375,x,,,1.0,
0.008508098389955,EMO_1129_1_0,EMO_1129_2_0,-1.575375,x,,,1.0,
0.00643611657003,EMO_1150_1_0,EMO_1150_2_0,-1.585875,,,,2.0,c
0.009023088285182,EMO_1160_1_0,EMO_1160_2_0,-1.5841875,x,x,,1.0,
0.013028616153623,EMO_1172_1_0,EMO_1172_2_0,0.0483125,,,,1.0,
0.008611082671211,EMO_1427_1_0,EMO_1427_2_0,-1.566625,,,,1.0,
0.007794275081704,EMO_1440_1_0,EMO_1440_2_0,0.039125,,x,,1.0,
0.005400743256652,EMO_1441_1_0,EMO_1441_2_0,-1.1289375,x,,,1.0,
0.009510711320861,EMO_1451_1_0,EMO_1451_2_0,-1.542625,,,,1.0,
0.015652360991956,EMO_1455_1_0,EMO_1455_2_0,-1.5309375,x,,,1.0,
0.286755184969128,EMO_1789_1_0,EMO_1789_2_0,0.04925,,,low pass filtered?,3.0,
0.010286326093108,EMO_1810_1_0,EMO_1810_2_0,0.0484375,,,,1.0,
0.062252986359204,EMO_1813_1_0,EMO_1813_2_0,0.05475,,,,1.0,
0.17370243530726098,EMO_1820_1_0,EMO_1820_2_0,0.0495,,,,1.0,
0.14967779497834902,EMO_1822_1_0,EMO_1822_2_0,0.0323125,,,,1.0,
0.007616975784509,EMO_1845_1_0,EMO_1845_2_0,-1.528375,,,,2.0,
0.08149542560156099,EMO_1922_1_0,EMO_1922_2_0,0.0431875,,,,1.0,
0.008351984463359,EMO_1935_1_0,EMO_1935_2_0,0.045125,,,,1.0,
0.004580724842387999,EMO_1943_1_0,EMO_1943_2_0,0.0339375,,,,1.0,
0.008285248262135,EMO_1949_1_0,EMO_1949_2_0,-1.5788125,x,,,1.0,
0.004268687207402,EMO_1969_1_0,EMO_1969_2_0,0.06025,,,,3.0,c
0.12646886615224198,EMO_1996_1_0,EMO_1996_2_0,0.052875,,,,1.0,
0.61971115100008,EMO_2001_1_0,EMO_2001_2_0,0.0494375,,,,1.0,
0.061329228626174015,EMO_2036_1_0,EMO_2036_2_0,0.052125,,,,1.0,
0.12511325170350698,EMO_2143_1_0,EMO_2143_2_0,0.04575,,,,1.0,
0.10814429069467,EMO_2148_1_0,EMO_2148_2_0,0.0375625,,,,1.0,
0.183932440772716,EMO_2207_1_0,EMO_2207_2_0,0.03175,,,,1.0,
0.018262758641461003,EMO_2274_1_0,EMO_2274_2_0,-1.577,x,,,0.0,
0.07541546077983001,EMO_2279_1_0,EMO_2279_2_0,0.039,,,,1.0,
0.4192143359112071,EMO_2310_1_0,EMO_2310_2_0,0.054375,,,child can hardly be heard,1.0,
0.001971993560947,EMO_2331_1_0,EMO_2331_2_0,-1.3838125,x,,,1.0,
0.002262536695326,EMO_2378_1_0,EMO_2378_2_0,-1.442625,x,,,2.0,
0.071610007069377,EMO_2389_1_0,EMO_2389_2_0,0.0253125,,,,2.0,
0.007396297951373002,EMO_2439_1_0,EMO_2439_2_0,-1.3948125,,,,1.0,c
0.0055015142203660005,EMO_2449_1_0,EMO_2449_2_0,-1.5723125,,,,0.0,
0.146935784910978,EMO_2462_1_0,EMO_2462_2_0,0.04,,,child can hardly be heard,1.0,
0.016467748861343,EMO_2482_1_0,EMO_2482_2_0,-1.513375,,,,1.0,
0.008434664626957,EMO_2485_1_0,EMO_2485_2_0,0.020625,,,,2.0,
0.009318507825371,EMO_2486_1_0,EMO_2486_2_0,-1.4876875,,,parent audio is dead,3.0,p
0.111272795385102,EMO_2519_1_0,EMO_2519_2_0,0.0348125,,,child can hardly be heard,1.0,
0.009980078188885,EMO_2523_1_0,EMO_2523_2_0,0.0364375,,,,2.0,
0.180658087856111,EMO_2556_1_0,EMO_2556_2_0,0.0335625,,,child can hardly be heard,1.0,
0.004198951655973,EMO_2608_1_0,EMO_2608_2_0,-1.536,,,,1.0,
0.015103943194268,EMO_2638_1_0,EMO_2638_2_0,0.042625,,,,0.0,
0.008076862472695,EMO_2659_1_0,EMO_2659_2_0,-1.560875,,,child can hardly be heard,1.0,
0.164971451167303,EMO_2673_1_0,EMO_2673_2_0,0.024375,,,,0.0,
0.481987276818448,EMO_2713_1_0,EMO_2713_2_0,0.0335625,,,,1.0,
0.07076629605188701,EMO_2718_1_0,EMO_2718_2_0,0.029625,,,,1.0,
0.007032635410812,EMO_2730_1_0,EMO_2730_2_0,-1.5316875,,,,1.0,
0.010765375586566,EMO_2731_1_0,EMO_2731_2_0,-1.5793125,,,,1.0,
0.007850134897324,EMO_2739_1_0,EMO_2739_2_0,0.061125,,,,1.0,
0.050506090639400994,EMO_2795_1_0,EMO_2795_2_0,0.054375,,,,1.0,c
0.213909665694947,EMO_2829_1_0,EMO_2829_2_0,0.0290625,,,,1.0,
0.12736504401180002,EMO_2850_1_0,EMO_2850_2_0,0.0465,,,,1.0,
0.017225539422148,EMO_2853_1_0,EMO_2853_2_0,-1.569375,,,,1.0,
0.260032957022457,EMO_2900_1_0,EMO_2900_2_0,0.0451875,,,child can hardly be heard,1.0,
0.416343111230127,EMO_2924_1_0,EMO_2924_2_0,0.0496875,,,,2.0,
0.008928575029879,EMO_2939_1_0,EMO_2939_2_0,-1.5719999999999998,,,,1.0,
0.188364313991224,EMO_3118_1_0,EMO_3118_2_0,0.0318125,,,,0.0,
0.0070817222116019984,EMO_3146_1_0,EMO_3146_2_0,-1.56575,,,,1.0,
0.17829617162068698,EMO_3177_1_0,EMO_3177_2_0,0.05,,,child can hardly be heard,1.0,
0.095814084001452,EMO_3184_1_0,EMO_3184_2_0,0.032,,,,1.0,
0.089832256920487,EMO_3193_1_0,EMO_3193_2_0,0.027000000000000003,,,,1.0,
0.012439955221236,EMO_3243_1_0,EMO_3243_2_0,0.04,,,,3.0,
0.10941204356099,EMO_3244_1_0,EMO_3244_2_0,0.022375,,,,1.0,
0.060212130811716,EMO_3249_1_0,EMO_3249_2_0,0.0355625,,,,1.0,
0.23350698507224896,EMO_3251_1_0,EMO_3251_2_0,0.02375,,,,2.0,
0.103926971321182,EMO_3273_1_0,EMO_3273_2_0,0.0466875,,,,1.0,
0.126013459929869,EMO_3284_1_0,EMO_3284_2_0,0.0369375,,,,1.0,
0.220647496309512,EMO_3313_1_0,EMO_3313_2_0,0.0435,,,,1.0,
0.101558904047349,EMO_3355_1_0,EMO_3355_2_0,0.0431875,,,,2.0,
0.009289411531723,EMO_3359_1_0,EMO_3359_2_0,0.0413125,,x,,2.0,
0.140231063577897,EMO_3369_1_0,EMO_3369_2_0,0.032125,,,,1.0,
0.090565964181358,EMO_3394_1_0,EMO_3394_2_0,0.0493125,,,child can hardly be heard,1.0,
0.384571065690166,EMO_3457_1_0,EMO_3457_2_0,0.029125,,,,1.0,
0.27474320007074604,EMO_3461_1_0,EMO_3461_2_0,0.024625,,,,1.0,
0.47956872454103,EMO_3486_1_0,EMO_3486_2_0,0.0555625,,,,1.0,
0.093238101075097,EMO_3510_1_0,EMO_3510_2_0,0.03075,,,Partly Spanish?,1.0,
0.534203637623572,EMO_3564_1_0,EMO_3564_2_0,0.016375,,,,2.0,
0.622177678679266,EMO_3631_1_0,EMO_3631_2_0,0.0255625,,,,1.0,
0.737388048984821,EMO_3712_1_0,EMO_3712_2_0,0.0289375,,,,2.0,
0.485427020885356,EMO_3719_1_0,EMO_3719_2_0,0.02625,,,,1.0,
0.099524055341703,EMO_3826_1_0,EMO_3826_2_0,0.0464375,,,,2.0,
0.170832996497828,EMO_3835_1_0,EMO_3835_2_0,0.03,,,,1.0,
0.07798299508506,EMO_3841_1_0,EMO_3841_2_0,0.0263125,,,,1.0,
0.11293073816067806,EMO_3945_1_0,EMO_3945_2_0,0.05225,,,,1.0,
0.083813700413083,EMO_3960_1_0,EMO_3960_2_0,0.054125,,,,1.0,
0.09140377319496304,EMO_3978_1_0,EMO_3978_2_0,0.041125,,,,1.0,
0.007933574368569,EMO_3984_1_0,EMO_3984_2_0,0.0583125,,,,2.0,
0.168568280975626,EMO_3992_1_0,EMO_3992_2_0,0.027875,,,child can hardly be heard,1.0,
0.112995190827127,EMO_4002_1_0,EMO_4002_2_0,0.0386875,,,,2.0,
0.415256909017506,EMO_4020_1_0,EMO_4020_2_0,0.03225,,,,2.0,
0.11089106081097,EMO_4057_1_0,EMO_4057_2_0,0.0245625,,,,1.0,
0.626093271442398,EMO_4062_1_0,EMO_4062_2_0,0.0489375,,,,2.0,
0.482109575497223,EMO_4067_1_0,EMO_4067_2_0,0.045625,,,,1.0,
0.10818146717774302,EMO_4107_1_0,EMO_4107_2_0,0.041125,,,,1.0,
0.360715954733187,EMO_4145_1_0,EMO_4145_2_0,0.0438125,,,,1.0,
0.22389053075578,EMO_4148_1_0,EMO_4148_2_0,0.043625,,,child can hardly be heard,1.0,
0.004981467399493,EMO_4160_1_0,EMO_4160_2_0,0.0246875,,x,,2.0,
0.113159892945576,EMO_4193_1_0,EMO_4193_2_0,0.034875,,,child can hardly be heard,1.0,
0.274487046296431,EMO_4194_1_0,EMO_4194_2_0,0.0493125,,,,1.0,
0.10168654935807198,EMO_4198_1_0,EMO_4198_2_0,0.0183125,,,,1.0,
0.093027644900519,EMO_4262_1_0,EMO_4262_2_0,0.0300625,,,,1.0,
0.07541313860412899,EMO_4263_1_0,EMO_4263_2_0,0.043,,,,1.0,
0.099029172984679,EMO_4378_1_0,EMO_4378_2_0,0.04825,,,,1.0,
0.008094877850801999,EMO_4396_1_0,EMO_4396_2_0,-3.853875,,,,1.0,
0.6883585348066721,EMO_4401_1_0,EMO_4401_2_0,0.0365625,,,,1.0,
0.031814301270892,EMO_4452_1_0,EMO_4452_2_0,-214.80575,,,,2.0,
0.07583071609903097,EMO_4462_1_0,EMO_4462_2_0,96.32175,,,,1.0,
0.086181758418133,EMO_4470_1_0,EMO_4470_2_0,0.041,,,,1.0,
0.3772179310273,EMO_4485_1_0,EMO_4485_2_0,0.0530625,,,,1.0,
0.153530779325298,EMO_4490_1_0,EMO_4490_2_0,0.034,,,,1.0,
0.007307650886967,EMO_4497_1_0,EMO_4497_2_0,0.0375625,,x,,2.0,
0.462377549521219,EMO_4503_1_0,EMO_4503_2_0,0.0528125,,,,1.0,
0.668587271452054,EMO_4583_1_0,EMO_4583_2_0,0.0435625,,,,1.0,
0.167618780144445,EMO_4628_1_0,EMO_4628_2_0,0.045625,,,,1.0,
0.090847032066954,EMO_4683_1_0,EMO_4683_2_0,0.03575,,,,2.0,
0.117499352505473,EMO_4702_1_0,EMO_4702_2_0,0.0381875,,,,1.0,
0.3107612313987461,EMO_4708_1_0,EMO_4708_2_0,0.026,,,,1.0,
0.102638427019139,EMO_4709_1_0,EMO_4709_2_0,0.038375,,,,2.0,
0.307402285848638,EMO_4712_1_0,EMO_4712_2_0,0.0468125,,,,1.0,
0.24965401356458605,EMO_4734_1_0,EMO_4734_2_0,0.04575,,,,0.0,
0.332050328218949,EMO_4889_1_0,EMO_4889_2_0,0.0424375,,,,2.0,
0.128421503449973,EMO_4901_1_0,EMO_4901_2_0,0.0565,,,,0.0,
0.237059823016938,EMO_4920_1_0,EMO_4920_2_0,0.0361875,,,,2.0,
0.176903562078966,EMO_4947_1_0,EMO_4947_2_0,0.0443125,,,,1.0,
0.133933951287975,EMO_4949_1_0,EMO_4949_2_0,0.069875,,,child can hardly be heard,2.0,
0.39613024116494,EMO_5041_1_0,EMO_5041_2_0,0.031,,,child can hardly be heard,2.0,
0.12988221062383098,EMO_5083_1_0,EMO_5083_2_0,0.0415625,,,,1.0,
0.21277032966737505,EMO_5085_1_0,EMO_5085_2_0,0.0300625,,,,1.0,
0.137297357501108,EMO_5205_1_0,EMO_5205_2_0,0.044,,,,2.0,
0.204216671858607,EMO_6026_1_0,EMO_6026_2_0,0.033625,,,,2.0,
0.127882333573825,EMO_6070_1_0,EMO_6070_2_0,0.0570625,,,,1.0,
0.432099125140206,EMO_6075_1_0,EMO_6075_2_0,0.043875,,,,2.0,
0.011186383810137,EMO_6189_1_0,EMO_6189_2_0,42.12875,,,,1.0,
0.22806596020333106,EMO_6226_1_0,EMO_6226_2_0,0.03075,,,,1.0,
0.109718344276025,EMO_6273_1_0,EMO_6273_2_0,0.0490625,,,,2.0,
0.4628196807029311,EMO_6367_1_0,EMO_6367_2_0,0.04775,,,child can hardly be heard,1.0,
0.158049824486827,EMO_6370_1_0,EMO_6370_2_0,0.0429375,x,,,1.0,
0.20939837718895,EMO_6375_1_0,EMO_6375_2_0,0.0505625,,,,2.0,
0.136649183944825,EMO_6568_1_0,EMO_6568_2_0,0.0424375,,,,1.0,
0.025479935483566,TPOT_0017_1_1,TPOT_0017_2_1,-0.120625,,,,1.0,
0.069889299846342,TPOT_0017_1_2,TPOT_0017_2_2,0.036875,,,,1.0,
0.028858994811091,TPOT_0065_1_1,TPOT_0065_2_1,-0.6706875,,,,2.0,
0.016018759231667,TPOT_0065_1_2,TPOT_0065_2_2,-0.146625,,,,1.0,
0.017238722503726003,TPOT_0125_1_1,TPOT_0125_2_1,0.5473125,x,x,,3.0,
0.019770591537224,TPOT_0125_1_2,TPOT_0125_2_2,-0.827375,,x,,1.0,
0.031187964087706008,TPOT_0293_1_1,TPOT_0293_2_1,0.4773125,x,,,0.0,
0.027384512257878,TPOT_0293_1_2,TPOT_0293_2_2,0.695125,x,,,0.0,
0.02456934016491,TPOT_0404_1_1,TPOT_0404_2_1,0.89475,x,,,0.0,
0.023629160738183,TPOT_0404_1_2,TPOT_0404_2_2,0.0071875,x,,,0.0,
0.015233296087926,TPOT_0453_1_1,TPOT_0453_2_1,0.0846875,x,x,,0.0,
0.024445300703215,TPOT_0453_1_2,TPOT_0453_2_2,0.285125,x,x,,0.0,
0.06514279273721499,TPOT_0495_1_2,TPOT_0495_2_2,0.5420625,x,,,0.0,
0.051251739537402,TPOT_0637_1_1,TPOT_0637_2_1,0.422,x,,,0.0,
0.026523398680329,TPOT_0637_1_2,TPOT_0637_2_2,0.396875,x,x,,0.0,
0.020838026880129,TPOT_0640_1_1,TPOT_0640_2_1,0.368125,x,x,,0.0,
0.030993719181537007,TPOT_0640_1_2,TPOT_0640_2_2,-0.3101875,x,x,,0.0,
0.035980104404865994,TPOT_0665_1_1,TPOT_0665_2_1,-0.0365625,x,,,0.0,
0.033528357678228995,TPOT_0665_1_2,TPOT_0665_2_2,0.56175,x,,,0.0,
0.018775972066793,TPOT_0669_1_1,TPOT_0669_2_1,0.0115625,x,,,0.0,
0.019653697853661,TPOT_0669_1_2,TPOT_0669_2_2,-0.28025,x,,,0.0,
0.022069292512752005,TPOT_0678_1_1,TPOT_0678_2_1,0.0398125,x,,,0.0,
0.028133177028769,TPOT_0678_1_2,TPOT_0678_2_2,-0.302625,x,,,0.0,
0.029061198668035,TPOT_0701_1_1,TPOT_0701_2_1,-0.6946875,x,,,0.0,
0.024718200615869,TPOT_0701_1_2,TPOT_0701_2_2,-0.4579375,x,,,0.0,
0.027017516002829,TPOT_0709_1_1,TPOT_0709_2_1,-0.519875,x,,,0.0,
0.018699469003716,TPOT_0709_1_2,TPOT_0709_2_2,0.0023125,x,,,0.0,
0.06014513904745501,TPOT_0757_1_1,TPOT_0757_2_1,0.1016875,x,,,0.0,
0.021718603685516,TPOT_0757_1_2,TPOT_0757_2_2,-0.2113125,x,,,0.0,
0.0267338189375,TPOT_0776_1_1,TPOT_0776_2_1,-0.1395625,x,,,0.0,
0.029902743516025006,TPOT_0776_1_2,TPOT_0776_2_2,-0.244375,x,,,0.0,
0.018496122886012,TPOT_0812_1_1,TPOT_0812_2_1,0.0773125,x,,,0.0,
0.018861688462007,TPOT_0812_1_2,TPOT_0812_2_2,0.4995,x,,,0.0,
0.023767618091344,TPOT_0813_1_1,TPOT_0813_2_1,0.046375,x,,,0.0,
0.034999117290838,TPOT_0813_1_2,TPOT_0813_2_2,-0.7011875,x,,,0.0,
0.023622174358947003,TPOT_0819_1_1,TPOT_0819_2_1,-0.09575,x,,,0.0,
0.008665290317564002,TPOT_0819_1_2,TPOT_0819_2_2,-0.3221875,x,,,0.0,
0.027015412251862003,TPOT_0825_1_1,TPOT_0825_2_1,0.0985625,x,,,0.0,
0.02233375137332,TPOT_0825_1_2,TPOT_0825_2_2,-0.52275,,,,0.0,
0.005367778837220999,TPOT_1046_1_1,TPOT_1046_2_1,-0.8931875,,x,,0.0,
0.005081029013142,TPOT_1046_1_2,TPOT_1046_2_2,-0.030125,x,x,,0.0,
0.00978820857291,TPOT_1046_1_3,TPOT_1046_2_3,0.6105625,x,,,1.0,
0.016186021058246,TPOT_1054_1_1,TPOT_1054_2_1,1.033875,x,,,0.0,
0.016080910320331,TPOT_1054_1_2,TPOT_1054_2_2,0.238625,x,,,0.0,
0.005153745255289,TPOT_1070_1_1,TPOT_1070_2_1,0.015875,x,x,,0.0,
0.004297888503683,TPOT_1070_1_2,TPOT_1070_2_2,-0.093875,,x,,0.0,
0.00970365147375,TPOT_1070_1_3,TPOT_1070_2_3,-0.3301875,,x,,0.0,
0.035257407161589,TPOT_1131_1_1,TPOT_1131_2_1,-0.42,x,,,1.0,
0.00210110539093,TPOT_1131_1_2,TPOT_1131_2_2,-0.06175,x,,,1.0,
0.020609561554269,TPOT_1135_1_1,TPOT_1135_2_1,0.5871875,x,,,1.0,
0.022257077255017004,TPOT_1135_1_2,TPOT_1135_2_2,0.165375,x,,,0.0,
0.004939708075018,TPOT_1136_1_1,TPOT_1136_2_1,0.2496875,x,,,1.0,
0.024343931377871005,TPOT_1136_1_2,TPOT_1136_2_2,1.0920625,x,,,0.0,
0.03124467018175,TPOT_1140_1_1,TPOT_1140_2_1,0.214,,,,1.0,
0.029966137491653,TPOT_1140_1_2,TPOT_1140_2_2,-0.01375,x,,,0.0,
0.008139836833176,TPOT_1141_1_1,TPOT_1141_2_1,0.33325,,,,1.0,
0.004090205768284999,TPOT_1141_1_2,TPOT_1141_2_2,0.126625,,x,,0.0,
0.044954231121505,TPOT_1142_1_1,TPOT_1142_2_1,0.3275,x,,,0.0,
0.058172541156908,TPOT_1142_1_2,TPOT_1142_2_2,-0.2143125,x,,,1.0,
0.008615906641346,TPOT_1224_1_1,TPOT_1224_2_1,0.6548125,,x,,0.0,
0.008941731191007,TPOT_1224_1_2,TPOT_1224_2_2,0.5446875,,,,0.0,
0.005372176467719,TPOT_1247_1_1,TPOT_1247_2_1,-0.5495,x,x,,0.0,
0.008085589051898,TPOT_1247_1_2,TPOT_1247_2_2,0.1185625,x,x,,0.0,
0.008695376179905,TPOT_1247_1_3,TPOT_1247_2_3,0.986,x,x,,0.0,
0.008061104520599001,TPOT_1317_1_1,TPOT_1317_2_1,0.0980625,x,x,,0.0,
0.008000893074479999,TPOT_1317_1_2,TPOT_1317_2_2,0.2645625,,,,0.0,
0.018690154545847,TPOT_1317_1_3,TPOT_1317_2_3,-0.0371875,x,,,0.0,
0.006505536291253,TPOT_1373_1_1,TPOT_1373_2_1,0.430125,x,x,,1.0,
0.0031320615119800003,TPOT_1373_1_2,TPOT_1373_2_2,0.0876875,x,,,1.0,
0.010722600921262,TPOT_1373_1_3,TPOT_1373_2_3,-1.129625,x,,,1.0,
0.019245651577586,TPOT_1379_1_1,TPOT_1379_2_1,-0.4376875,x,,,1.0,
0.030194554744611,TPOT_1379_1_2,TPOT_1379_2_2,-0.5408125,,x,,1.0,
0.013272556781069,TPOT_1387_1_1,TPOT_1387_2_1,0.3458125,x,x,,1.0,
0.007705420134091998,TPOT_1387_1_2,TPOT_1387_2_2,0.1804375,x,x,,1.0,
0.014670658429353996,TPOT_1387_1_3,TPOT_1387_2_3,-0.1871875,,x,,0.0,
0.011565053127297,TPOT_1487_1_1,TPOT_1487_2_1,-1.0416875,x,x,,0.0,
0.006222409415289999,TPOT_1487_1_2,TPOT_1487_2_2,0.6494375,x,x,,0.0,
0.01547213989753,TPOT_1487_1_3,TPOT_1487_2_3,0.931625,,x,,0.0,
0.034072228309110004,TPOT_1615_1_1,TPOT_1615_2_1,0.399,x,,,1.0,
0.08540573501893403,TPOT_1615_1_2,TPOT_1615_2_2,0.422,x,,,0.0,
0.026713517571448,TPOT_1619_1_1,TPOT_1619_2_1,-0.9196875,x,,,0.0,
0.04791966288960501,TPOT_1619_1_2,TPOT_1619_2_2,-0.381125,x,,,0.0,
0.03244007471403,TPOT_1622_1_1,TPOT_1622_2_1,0.12325,x,x,,1.0,
0.036177552255832,TPOT_1622_1_2,TPOT_1622_2_2,-0.038375,x,x,,1.0,
0.005972058783059,TPOT_1627_1_1,TPOT_1627_2_1,0.2114375,x,x,,0.0,
0.006628364294293,TPOT_1627_1_2,TPOT_1627_2_2,0.1011875,,x,,0.0,
0.022189809586211,TPOT_1627_1_3,TPOT_1627_2_3,-0.642625,,x,,0.0,
0.02268693151385,TPOT_1629_1_1,TPOT_1629_2_1,0.035125,,x,,0.0,
0.016061854841455,TPOT_1629_1_2,TPOT_1629_2_2,-0.3956875,x,x,,0.0,
0.009593278511918,TPOT_1666_1_1,TPOT_1666_2_1,0.5310625,x,x,,0.0,
0.006410677377739001,TPOT_1666_1_2,TPOT_1666_2_2,1.078875,x,x,,0.0,
0.006850368262799,TPOT_1666_1_3,TPOT_1666_2_3,0.3991875,,x,,0.0,
0.011266851119283,TPOT_1752_1_1,TPOT_1752_2_1,0.333875,x,,,0.0,
0.009819900491139,TPOT_1752_1_2,TPOT_1752_2_2,-0.377125,x,,,0.0,
0.018130867051753,TPOT_1752_1_3,TPOT_1752_2_3,0.837875,,,,0.0,
0.005776860263633001,TPOT_1932_1_1,TPOT_1932_2_1,-0.9795625,,,,1.0,
0.007992610801478001,TPOT_1932_1_2,TPOT_1932_2_2,-0.4996875,x,,,1.0,
0.010445570662825,TPOT_1932_1_3,TPOT_1932_2_3,-0.4126875,x,,,0.0,
0.005714465604525,TPOT_1980_1_1,TPOT_1980_2_1,0.162,x,,,1.0,
0.005219692098319,TPOT_1980_1_2,TPOT_1980_2_2,-0.1466875,,,,0.0,
0.00871598426071,TPOT_1980_1_3,TPOT_1980_2_3,0.147375,x,,,0.0,
0.008809878142591999,TPOT_2013_1_1,TPOT_2013_2_1,-0.5178125,x,x,,0.0,
0.005847627114820999,TPOT_2013_1_2,TPOT_2013_2_2,-0.1180625,x,x,,0.0,
0.010181126970041,TPOT_2013_1_3,TPOT_2013_2_3,0.2319375,,x,,0.0,
0.005006166316948,TPOT_2019_1_1,TPOT_2019_2_1,0.7995,x,x,,0.0,
0.007569314059605,TPOT_2019_1_2,TPOT_2019_2_2,0.8346875,,x,,0.0,
0.013151466341999,TPOT_2019_1_3,TPOT_2019_2_3,-0.055125,,x,,0.0,
0.006538134165496,TPOT_2068_1_1,TPOT_2068_2_1,0.62975,x,,,0.0,
0.013292534777871,TPOT_2068_1_2,TPOT_2068_2_2,-0.9444375,x,,,0.0,
0.012197070540692,TPOT_2068_1_3,TPOT_2068_2_3,0.3605,x,,,0.0,
0.004535094082998,TPOT_2108_1_1,TPOT_2108_2_1,0.59825,,x,,0.0,
0.005151081845517999,TPOT_2108_1_2,TPOT_2108_2_2,-0.0760625,x,x,,0.0,
0.008677972500978001,TPOT_2108_1_3,TPOT_2108_2_3,0.3325,,x,,0.0,
0.008194024961378001,TPOT_2133_1_1,TPOT_2133_2_1,1.0500625,,,,1.0,
0.01074644766006,TPOT_2133_1_2,TPOT_2133_2_2,0.3785,x,,,1.0,
0.013984131399633998,TPOT_2133_1_3,TPOT_2133_2_3,0.89975,,,,1.0,
0.006751900843899,TPOT_2147_1_1,TPOT_2147_2_1,0.2701875,x,,,1.0,
0.004794382117554,TPOT_2147_1_2,TPOT_2147_2_2,-0.987,x,,,1.0,
0.017636021349112,TPOT_2147_1_3,TPOT_2147_2_3,-0.4825625,,,,0.0,
0.008291870180668,TPOT_2316_1_1,TPOT_2316_2_1,0.73175,,,,1.0,
0.007207286300466999,TPOT_2316_1_2,TPOT_2316_2_2,-0.1396875,x,,,1.0,
0.017599892253928,TPOT_2316_1_3,TPOT_2316_2_3,0.99275,,,,1.0,
0.008629840212142999,TPOT_2338_1_1,TPOT_2338_2_1,0.352625,x,,,1.0,
0.009893135553312,TPOT_2338_1_2,TPOT_2338_2_2,0.1253125,x,,,1.0,
0.014533888335329,TPOT_2338_1_3,TPOT_2338_2_3,0.309125,,,,1.0,
0.005682018572838001,TPOT_2402_1_1,TPOT_2402_2_1,-0.5153125,x,,,0.0,
0.007673251518706998,TPOT_2402_1_2,TPOT_2402_2_2,0.2329375,,,,0.0,
0.013573632034606,TPOT_2402_1_3,TPOT_2402_2_3,0.12025,x,,,0.0,
0.00912429863188,TPOT_2425_1_1,TPOT_2425_2_1,-0.8589375,x,,,1.0,
0.006964708945492,TPOT_2425_1_2,TPOT_2425_2_2,0.39925,x,,,1.0,
0.0215955626174,TPOT_2425_1_3,TPOT_2425_2_3,0.1818125,x,,,1.0,
0.005471769599156,TPOT_2612_1_1,TPOT_2612_2_1,-0.187875,x,,,1.0,
0.005947205004284,TPOT_2612_1_2,TPOT_2612_2_2,0.470125,x,,,0.0,
0.008895502184452,TPOT_2612_1_3,TPOT_2612_2_3,-0.7175,x,x,,0.0,
0.008652937618843,TPOT_2618_1_1,TPOT_2618_2_1,0.357375,,,,0.0,
0.008630967620171999,TPOT_2618_1_2,TPOT_2618_2_2,-0.064,x,x,,0.0,
0.013515444975983998,TPOT_2618_1_3,TPOT_2618_2_3,0.726125,,x,,0.0,
0.0033750314552270003,TPOT_2619_1_1,TPOT_2619_2_1,-0.10225,x,x,,1.0,
0.004091406276390999,TPOT_2619_1_2,TPOT_2619_2_2,0.020625,x,x,,0.0,
0.045837543061213,TPOT_2619_1_3,TPOT_2619_2_3,-0.901375,,x,,1.0,
0.005515952757945,TPOT_2629_1_1,TPOT_2629_2_1,0.7665,x,x,,0.0,
0.008334834045634,TPOT_2629_1_2,TPOT_2629_2_2,-0.8533125,x,,,0.0,
0.014833683635171003,TPOT_2629_1_3,TPOT_2629_2_3,1.01,,x,,0.0,
0.004394432543091,TPOT_2630_1_1,TPOT_2630_2_1,0.5289375,,x,,0.0,
0.005522205762745999,TPOT_2630_1_2,TPOT_2630_2_2,0.5165625,x,x,,0.0,
0.006488164034832,TPOT_2630_1_3,TPOT_2630_2_3,0.281875,x,x,,0.0,
0.006904163727014,TPOT_2639_1_1,TPOT_2639_2_1,-0.23875,x,x,,0.0,
0.009385983912745,TPOT_2639_1_2,TPOT_2639_2_2,-0.2231875,x,x,,0.0,
0.016155730098013,TPOT_2639_1_3,TPOT_2639_2_3,0.2509375,,x,,0.0,
0.0075124393844449985,TPOT_2643_1_1,TPOT_2643_2_1,-0.1529375,,,,0.0,
0.010477991488228,TPOT_2643_1_2,TPOT_2643_2_2,0.07200000000000001,,,,1.0,
0.016619636696533997,TPOT_2643_1_3,TPOT_2643_2_3,-0.280625,x,,,1.0,
0.015481387296582,TPOT_2644_1_1,TPOT_2644_2_1,-0.6775,x,,,0.0,
0.012297296280216998,TPOT_2644_1_2,TPOT_2644_2_2,0.3035,,,,0.0,
0.014433432037071996,TPOT_2644_1_3,TPOT_2644_2_3,0.5080625,,,,0.0,
0.012904858690546,TPOT_2650_1_1,TPOT_2650_2_1,0.284,x,,,1.0,
0.005782277847363002,TPOT_2650_1_2,TPOT_2650_2_2,0.133875,x,,,2.0,
0.02860586124107,TPOT_2650_1_3,TPOT_2650_2_3,0.6609999999999999,x,,,1.0,
0.007518978355076,TPOT_2653_1_1,TPOT_2653_2_1,0.0634375,,,,0.0,
0.013079529417369,TPOT_2653_1_2,TPOT_2653_2_2,0.6015625,x,,,0.0,
0.015989088556045,TPOT_2653_1_3,TPOT_2653_2_3,0.430875,,,,0.0,
0.006965751000662,TPOT_2659_1_1,TPOT_2659_2_1,-0.3536875,x,,,1.0,
0.007237723449125998,TPOT_2659_1_2,TPOT_2659_2_2,1.012,x,,,1.0,
0.015545663434397,TPOT_2659_1_3,TPOT_2659_2_3,-0.374,x,,,1.0,
0.007965223058934,TPOT_2831_1_1,TPOT_2831_2_1,1.2125625,x,,,1.0,
0.007320218083439,TPOT_2831_1_2,TPOT_2831_2_2,-0.87325,x,,,1.0,
0.014029384424492,TPOT_2831_1_3,TPOT_2831_2_3,-0.1943125,x,,,1.0,
0.013171838435961002,TPOT_2862_1_1,TPOT_2862_2_1,-0.7411875,,,,1.0,
0.010396038339506,TPOT_2862_1_2,TPOT_2862_2_2,-0.517375,x,,,1.0,
0.018077222450042,TPOT_2862_1_3,TPOT_2862_2_3,0.6169375,,,,1.0,
0.008745388608673,TPOT_2972_1_1,TPOT_2972_2_1,-0.3764375,x,,,1.0,
0.009312816609479,TPOT_2972_1_2,TPOT_2972_2_2,0.2339375,x,,,1.0,
0.017855964102691003,TPOT_2972_1_3,TPOT_2972_2_3,0.857,x,,,1.0,
0.008817718293250001,TPOT_2990_1_1,TPOT_2990_2_1,0.1524375,x,,,1.0,
0.009232008961257,TPOT_2990_1_2,TPOT_2990_2_2,-0.0161875,x,,,1.0,
0.013046693707162,TPOT_2990_1_3,TPOT_2990_2_3,-0.6030625,,,,0.0,
0.00850612315841,TPOT_3037_1_1,TPOT_3037_2_1,-0.2703125,,,,0.0,
0.007114948749114,TPOT_3037_1_2,TPOT_3037_2_2,0.4016875,x,,,1.0,
0.013591328225328998,TPOT_3037_1_3,TPOT_3037_2_3,0.4380625,,,,1.0,
0.00754365095065,TPOT_3085_1_1,TPOT_3085_2_1,0.31675,x,,,1.0,
0.007306962263767,TPOT_3085_1_2,TPOT_3085_2_2,-0.35325,x,,,0.0,
0.011220375498209,TPOT_3085_1_3,TPOT_3085_2_3,0.15025,,,,0.0,
0.013592768391081,TPOT_3114_1_1,TPOT_3114_2_1,-0.4416875,x,,,1.0,
0.009848906185622,TPOT_3114_1_2,TPOT_3114_2_2,0.1880625,x,,,1.0,
0.022231914786709,TPOT_3114_1_3,TPOT_3114_2_3,-0.9004375,,,,1.0,
0.008676009749225002,TPOT_3203_1_1,TPOT_3203_2_1,-0.241125,x,,,0.0,
0.008804668711781,TPOT_3203_1_2,TPOT_3203_2_2,0.104125,,,,0.0,
0.019850304754226004,TPOT_3203_1_3,TPOT_3203_2_3,0.7034375,x,,,1.0,
0.009649833834812,TPOT_3338_1_2,TPOT_3338_2_2,-0.5293125,x,,,1.0,
0.030531787073517006,TPOT_3338_1_3,TPOT_3338_2_3,-1.1770625,,,,1.0,
0.00650921042116,TPOT_3542_1_1,TPOT_3542_2_1,-1.065125,x,,,1.0,
0.008592923835812,TPOT_3542_1_2,TPOT_3542_2_2,-0.5828125,,,,0.0,
0.017028301895607,TPOT_3542_1_3,TPOT_3542_2_3,-0.1520625,x,,,0.0,
0.007509271760725002,TPOT_3628_1_1,TPOT_3628_2_1,0.2024375,x,,,1.0,
0.009082872242113002,TPOT_3628_1_2,TPOT_3628_2_2,-0.028625,x,,,0.0,
0.015655248940751,TPOT_3628_1_3,TPOT_3628_2_3,0.027375,,,,0.0,
0.008633786532467,TPOT_3656_1_1,TPOT_3656_2_1,1.072375,x,,,1.0,
0.005164656275733,TPOT_3656_1_2,TPOT_3656_2_2,-0.4893125,x,,,1.0,
0.013718490172807,TPOT_3656_1_3,TPOT_3656_2_3,-0.1289375,,,,0.0,
0.012214619502877,TPOT_3679_1_1,TPOT_3679_2_1,-0.0128125,x,,,1.0,
0.010001122701499,TPOT_3679_1_2,TPOT_3679_2_2,-0.9503125,x,,,1.0,
0.020329132123145,TPOT_3679_1_3,TPOT_3679_2_3,0.1931875,x,,,1.0,
0.012827960648049,TPOT_3684_1_1,TPOT_3684_2_1,-0.8253125,x,,,0.0,
0.007877598567046,TPOT_3684_1_2,TPOT_3684_2_2,0.238125,x,,,1.0,
0.013630075751757,TPOT_3684_1_3,TPOT_3684_2_3,0.5489999999999999,,,,0.0,
0.014577944114991,TPOT_3906_1_1,TPOT_3906_2_1,-1.0385625,,,,0.0,
0.015503736779885,TPOT_3906_1_2,TPOT_3906_2_2,0.5418125,x,,,0.0,
0.014602273585351997,TPOT_3906_1_3,TPOT_3906_2_3,-0.8800625,,,,0.0,
0.009876523837269,TPOT_3928_1_1,TPOT_3928_2_1,0.034875,x,,,1.0,
0.008304959765954,TPOT_3928_1_2,TPOT_3928_2_2,0.8255,x,,,1.0,
0.01588264448777,TPOT_3928_1_3,TPOT_3928_2_3,0.113125,,,,0.0,
0.012504862061211002,TPOT_4013_1_1,TPOT_4013_2_1,0.2904375,x,,,0.0,
0.0055861176666860005,TPOT_4013_1_2,TPOT_4013_2_2,0.2001875,x,,,0.0,
0.03133390859246,TPOT_4013_1_3,TPOT_4013_2_3,0.4435625,x,,,0.0,
0.010772633936949,TPOT_4148_1_1,TPOT_4148_2_1,0.1061875,x,,,0.0,c
0.010305550098890998,TPOT_4148_1_2,TPOT_4148_2_2,0.6526875,x,,,1.0,
0.023246632902947,TPOT_4148_1_3,TPOT_4148_2_3,0.2630625,x,,,1.0,
0.013478973486863,TPOT_4170_1_1,TPOT_4170_2_1,-0.03725,,,,1.0,
0.008475296244254001,TPOT_4170_1_2,TPOT_4170_2_2,0.12275,x,,,1.0,
0.021439661381009,TPOT_4170_1_3,TPOT_4170_2_3,0.3024375,,,,1.0,
0.007466792182155,TPOT_4176_1_1,TPOT_4176_2_1,-0.111375,x,,,0.0,
0.009925570122244,TPOT_4176_1_2,TPOT_4176_2_2,0.82125,x,,,1.0,
0.027936126530994,TPOT_4176_1_3,TPOT_4176_2_3,0.4901875,x,,,0.0,
0.006472007365691999,TPOT_4181_1_1,TPOT_4181_2_1,1.2830625,x,,,1.0,
0.007229719976149,TPOT_4181_1_2,TPOT_4181_2_2,-0.2385625,x,,,0.0,
0.014793906068607,TPOT_4181_1_3,TPOT_4181_2_3,-0.247,,,,0.0,
0.011023918839588002,TPOT_4185_1_1,TPOT_4185_2_1,0.798625,x,,,1.0,
0.008391193858348,TPOT_4185_1_2,TPOT_4185_2_2,0.5090625,x,,,1.0,
0.029903879286946,TPOT_4185_1_3,TPOT_4185_2_3,0.1129375,,,,1.0,
0.005018580447965,TPOT_4429_1_1,TPOT_4429_2_1,0.0014375,,,,2.0,
0.014156018994901,TPOT_4429_1_3,TPOT_4429_2_3,0.64175,x,,,1.0,
0.007927260273514,TPOT_4488_1_1,TPOT_4488_2_1,1.1834375,,,,1.0,
0.008169839268242,TPOT_4488_1_2,TPOT_4488_2_2,0.1906875,x,,,1.0,
0.01502961587341,TPOT_4488_1_3,TPOT_4488_2_3,0.032375,x,,,1.0,
0.012123035561046002,TPOT_4497_1_1,TPOT_4497_2_1,0.173375,,,,0.0,
0.008145374209096,TPOT_4497_1_2,TPOT_4497_2_2,-0.192,x,,,0.0,
0.01721932132015,TPOT_4497_1_3,TPOT_4497_2_3,-0.7875,x,,,0.0,
0.010577787351482,TPOT_4596_1_1,TPOT_4596_2_1,0.4165625,,,,1.0,
0.007128794288359998,TPOT_4596_1_2,TPOT_4596_2_2,-0.1458125,x,,,1.0,
0.020608605696235,TPOT_4596_1_3,TPOT_4596_2_3,1.8929375,x,,,1.0,
0.008814257468833001,TPOT_4688_1_1,TPOT_4688_2_1,0.033,x,,,1.0,
0.007570857713806998,TPOT_4688_1_2,TPOT_4688_2_2,0.19275,x,,,1.0,
0.021752542420415,TPOT_4688_1_3,TPOT_4688_2_3,0.6401875,,,,1.0,
0.008575315700323001,TPOT_4695_1_1,TPOT_4695_2_1,-0.129,x,,,1.0,
0.011760883469157,TPOT_4695_1_2,TPOT_4695_2_2,-0.9930625,,,,1.0,
0.016507843953393997,TPOT_4695_1_3,TPOT_4695_2_3,-0.275625,,,,0.0,
0.007139411392543002,TPOT_4702_1_1,TPOT_4702_2_1,0.1239375,x,,,1.0,
0.006745287327378,TPOT_4702_1_2,TPOT_4702_2_2,-0.4914375,x,,,2.0,
0.015824984011433996,TPOT_4702_1_3,TPOT_4702_2_3,0.092,x,,,1.0,
0.008558190770008,TPOT_4709_1_1,TPOT_4709_2_1,-0.242,x,,,1.0,
0.011551651758585,TPOT_4709_1_2,TPOT_4709_2_2,0.4345,,,,0.0,
0.016455444048789,TPOT_4709_1_3,TPOT_4709_2_3,0.36,,,,0.0,
0.009695114703358,TPOT_4710_1_1,TPOT_4710_2_1,-0.4969375,x,,,0.0,
0.007709258110758,TPOT_4710_1_2,TPOT_4710_2_2,-0.82825,x,,,0.0,
0.016128722181913,TPOT_4710_1_3,TPOT_4710_2_3,-0.2195625,,,,1.0,
0.008493631026959,TPOT_4711_1_1,TPOT_4711_2_1,0.3166875,x,,,1.0,
0.008197010711415998,TPOT_4711_1_2,TPOT_4711_2_2,0.73175,x,,,1.0,
0.013551923237642,TPOT_4711_1_3,TPOT_4711_2_3,0.4749375,x,,,1.0,
0.005205517450868709,ADS_0218_1_1,ADS_0218_2_1,-13.9445,,,,,
0.006042261401780786,ADS_0221_1_1,ADS_0221_2_1,-2.2511875,,,,,
0.005823604914313886,ADS_0221_1_2,ADS_0221_2_2,-2.006625,,,,,
0.002678196564082522,ADS_0227_1_1,ADS_0227_2_1,5.3738125,,,,,
0.004339402617846195,ADS_0227_1_2,ADS_0227_2_2,-2.0816875,,,,,
0.0067349016099692025,ADS_0306_1_1,ADS_0306_2_1,-4.0368125,,,,2.0,
0.005893005001505886,ADS_0306_1_2,ADS_0306_2_2,-7.3334375,,,,1.0,
0.002968727508055032,ADS_0313_1_1,ADS_0313_2_1,-0.0055,,,,,
0.0026278872727248928,ADS_0313_1_2,ADS_0313_2_2,-0.0963125,,,,,
0.006530480317978985,ADS_0352_1_1,ADS_0352_2_1,1.706875,,,,,
0.0062520105811800794,ADS_0352_1_2,ADS_0352_2_2,5.160625,,,,,
0.004286024918914522,ADS_0353_1_1,ADS_0353_2_1,0.892375,,,,,
0.004272461596694811,ADS_0353_1_2,ADS_0353_2_2,-2.9645,,,,,
0.005886898881199157,ADS_0403_1_1,ADS_0403_2_1,-6.4265,,,,,
0.003957224248974564,ADS_0403_1_2,ADS_0403_2_2,-4.806,,,,,
0.005672711573146147,ADS_0410_1_1,ADS_0410_2_1,5.2744375,,,,,
0.0062061015428546895,ADS_0410_1_2,ADS_0410_2_2,0.8208125,,,,,
0.003791610245590796,ADS_0413_1_1,ADS_0413_2_1,-1.38075,,,,,
0.0045100373726941895,ADS_0413_1_2,ADS_0413_2_2,-2.6350625,,,,,
0.005020756852489278,ADS_0501_1_1,ADS_0501_2_1,1.569125,,,,,
0.00846889668308765,ADS_0501_1_2,ADS_0501_2_2,3.93875,,,,,
0.004622190439223158,ADS_0503_1_1,ADS_0503_2_1,-15.9873125,,,,,
0.0037904148230183945,ADS_0503_1_2,ADS_0503_2_2,-11.7598125,,,,,
0.006658086484044546,ADS_0509_1_1,ADS_0509_2_1,-12.2561875,,,,,
0.004972868163799409,ADS_0509_1_2,ADS_0509_2_2,9.4641875,,,,,
0.006180533451494113,ADS_0803_1_1,ADS_0803_2_1,-2.264625,,,,,
0.005250178164293391,ADS_0803_1_2,ADS_0803_2_2,-2.7878125,,,,,
0.004957521200097723,ADS_0812_1_1,ADS_0812_2_1,-2.2295625,,,,,
0.004804288772569538,ADS_0812_1_2,ADS_0812_2_2,-1.925625,,,,,
0.0049126749372124575,ADS_0915_1_1,ADS_0915_2_1,-2.000625,,,,,
0.005938091989991288,ADS_0915_1_2,ADS_0915_2_2,-1.502125,,,,,
0.007319925286916891,ADS_1003_1_1,ADS_1003_2_1,-23.557875,,,,,
0.005398889544691501,ADS_1003_1_2,ADS_1003_2_2,-6.3004375,,,,,
0.003771885811057164,ADS_1005_1_1,ADS_1005_2_1,1.244625,,,,,
0.006576378694702114,ADS_1021_1_1,ADS_1021_2_1,10.6498125,,,,,
0.004363834081640473,ADS_1021_1_2,ADS_1021_2_2,-9.2494375,,,,,
0.00556105172957181,ADS_1111_1_1,ADS_1111_2_1,-4.1403125,,,,,
0.007010295378397207,ADS_1111_1_2,ADS_1111_2_2,-15.217375,,,,,
0.00638304239157181,ADS_1223_1_1,ADS_1223_2_1,-11.442,,,,,
0.0044211762993020785,ADS_1223_1_2,ADS_1223_2_2,-10.255999999999998,,,,,
0.00538522398964615,ADS_1236_1_1,ADS_1236_2_1,-10.9680625,,,,,
0.0064139833571633855,ADS_1236_1_2,ADS_1236_2_2,11.820875,,,,,
0.005870735038612355,ADS_1303_1_1,ADS_1303_2_1,-5.09575,,,,,
0.005285440225870864,ADS_1303_1_2,ADS_1303_2_2,-1.4905,,,,,
0.0025979459563009693,ADS_1403_1_1,ADS_1403_2_1,19.25075,,,,,
0.00698607932263961,ADS_1403_1_2,ADS_1403_2_2,8.495375,,,,,
0.0044247649469917934,ADS_1421_1_1,ADS_1421_2_1,72.9735625,,,,,
0.005720473403925381,ADS_1421_1_2,ADS_1421_2_2,6.081375,,,,,
0.005864325052628445,ADS_1915_1_1,ADS_1915_2_1,-2.00925,,,,,
0.005616069265325032,ADS_1915_1_2,ADS_1915_2_2,0.1225,,,,,
0.0039938726246976815,ADS_1924_1_1,ADS_1924_2_1,-1.7599375,,,,,
0.005191845029316199,ADS_1924_1_2,ADS_1924_2_2,-2.202375,,,,,
0.003478695569110118,ADS_1930_1_1,ADS_1930_2_1,-3.9334375,,,,,
0.004925278584256453,ADS_1930_1_2,ADS_1930_2_2,-4.7041875,,,,,
0.004026852551609157,ADS_2235_1_1,ADS_2235_2_1,-8.039125,,,,,
0.0038710149658629602,ADS_2235_1_2,ADS_2235_2_2,-8.2966875,,,,,
0.00566153477352664,ADS_2303_1_1,ADS_2303_2_1,-6.5133125,,,,0.0,
0.004193984351735696,ADS_2303_1_2,ADS_2303_2_2,-16.4553125,,,,,
0.003025288793079327,ADS_2308_1_1,ADS_2308_2_1,0.634,,,,,
0.003403423242555647,ADS_2308_1_2,ADS_2308_2_2,-0.423,,,,,
0.00486497352003511,ADS_2338_1_1,ADS_2338_2_1,-2.7156875,,,,,
0.0031162651242988785,ADS_2338_1_2,ADS_2338_2_2,-6.1718125,,,,,
0.0075912218378002844,ADS_2343_1_1,ADS_2343_2_1,-4.4394375,,,,0.0,
0.007244399871166128,ADS_2343_1_2,ADS_2343_2_2,-4.97625,,,,0.0,
0.002980080704666723,ADS_2501_1_1,ADS_2501_2_1,-79.8636875,,,,,
0.0030713274662389307,ADS_2501_1_2,ADS_2501_2_2,-4.5484375,,,,,
0.0021706198151901805,ADS_2502_1_1,ADS_2502_2_1,-1.881,,,,,
0.002806187244450724,ADS_2502_1_2,ADS_2502_2_2,-0.5914375,,,,,
0.0070418007482322765,ADS_2505_1_1,ADS_2505_2_1,-10.774375,,,,,
0.005228363237614018,ADS_2505_1_2,ADS_2505_2_2,8.975,,,,,
0.003378335596755114,ADS_2614_1_1,ADS_2614_2_1,-0.61975,,,,,
0.003776795654940725,ADS_2614_1_2,ADS_2614_2_2,-1.354375,,,,,
0.00556834565078362,ADS_2706_1_1,ADS_2706_2_1,-1.66625,,,,1.0,
0.006166214842886044,ADS_2706_1_2,ADS_2706_2_2,-3.573125,,,,1.0,
0.00539084579790106,ADS_2713_1_1,ADS_2713_2_1,-2.7048125,,,,,
0.0052940759011486345,ADS_2713_1_2,ADS_2713_2_2,-0.4885,,,,,
0.0015517191312083925,ADS_2714_1_1,ADS_2714_2_1,-923.0886875,,,,1.0,
0.007273957639037641,ADS_2714_1_2,ADS_2714_2_2,-7.697875,,,,,
0.004802864274354789,ADS_2715_1_1,ADS_2715_2_1,-3.10575,,,,,
0.005234107519819517,ADS_2715_1_2,ADS_2715_2_2,-2.6295625,,,,,
0.006715781667059572,ADS_2928_1_1,ADS_2928_2_1,59.0215625,,,,,
0.0072140543999990574,ADS_2928_1_2,ADS_2928_2_2,0.8899375,,,,,
0.0068325798418716254,ADS_2932_1_1,ADS_2932_2_1,-2.298125,,,,,
0.005661610497755527,ADS_2932_1_2,ADS_2932_2_2,-2.866,,,,,
0.008299015510977451,ADS_2935_1_1,ADS_2935_2_1,4.9858125,,,,1.0,c
0.00670959845326524,ADS_2935_1_2,ADS_2935_2_2,-2.3145625,,,,,
0.005729422079188485,ADS_2943_1_1,ADS_2943_2_1,-2.9113125,x,,massive shift at 11:40.50,1.0,c
0.005301958303658986,ADS_2943_1_2,ADS_2943_2_2,-18.4835,,,,1.0,p
0.005940478839735619,ADS_2954_1_1,ADS_2954_2_1,-0.621125,,,,,
0.0038508675005407508,ADS_2954_1_2,ADS_2954_2_2,70.7319375,,,,,
0.0057938847676323475,ADS_2967_1_1,ADS_2967_2_1,-10.7630625,,,,2.0,
0.005299542912710075,ADS_2967_1_2,ADS_2967_2_2,-7.052125,,,,1.0,
0.004555935712010457,ADS_3014_1_1,ADS_3014_2_1,-4.318125,,,,,
0.006271304784601206,ADS_3014_1_2,ADS_3014_2_2,0.059125,,,,,
0.006578631845435357,ADS_3026_1_1,ADS_3026_2_1,-5.911625,,,,,
0.005637918511982351,ADS_3026_1_2,ADS_3026_2_2,-4.127125,,,,,
0.005274250178810566,ADS_3126_1_1,ADS_3126_2_1,-7.850375,,,,,
0.004552199057458625,ADS_3126_1_2,ADS_3126_2_2,13.8495625,,,,,
0.0038937036200080892,ADS_3203_1_1,ADS_3203_2_1,-0.5453125,,,,,
0.00401349808154863,ADS_3203_1_2,ADS_3203_2_2,-1.8381875,,,,,
0.003637663453801747,ADS_3307_1_1,ADS_3307_2_1,-3.52825,,,,1.0,
0.004624287040270769,ADS_3307_1_2,ADS_3307_2_2,-4.9825625,,,,1.0,
0.004635525184629832,ADS_3309_1_1,ADS_3309_2_1,-1.8401875,,,,,
0.003886850154399306,ADS_3309_1_2,ADS_3309_2_2,2.3426875,,,,,
0.005753530540511209,ADS_3317_1_1,ADS_3317_2_1,-1.67975,,,,,
0.004851586230717336,ADS_3317_1_2,ADS_3317_2_2,-1.7530625,,,,,
0.004610285012515396,ADS_3333_1_1,ADS_3333_2_1,-1.7471875,,,,,
0.00622640081378314,ADS_3333_1_2,ADS_3333_2_2,-2.2026875,,,,,
0.003714696016800865,ADS_3334_1_1,ADS_3334_2_1,-1.5844375,,,,,
0.005791847376545844,ADS_3334_1_2,ADS_3334_2_2,-2.2869375,,,,,
0.00311302851715233,ADS_3335_1_1,ADS_3335_2_1,-2.5148125,,,,,
0.0038748108366288185,ADS_3335_1_2,ADS_3335_2_2,-1.2489375,,,,,
0.0036253605488281945,ADS_3350_1_1,ADS_3350_2_1,-1.6189375,,,,,
0.005659464547991845,ADS_3350_1_2,ADS_3350_2_2,-0.51025,,,,,
0.0010063374086237444,ADS_3353_1_1,ADS_3353_2_1,-221.429125,,,,1.0,
0.003475258157105722,ADS_3353_1_2,ADS_3353_2_2,-2.8745,,,,,
0.004366337833153765,ADS_3357_1_1,ADS_3357_2_1,-0.139,,,,2.0,
0.0075588567444563794,ADS_3357_1_2,ADS_3357_2_2,-0.106625,,,,2.0,
0.004342489343201814,ADS_3359_1_1,ADS_3359_2_1,3.7108125,,,,,
0.004454485543814658,ADS_3359_1_2,ADS_3359_2_2,-1.3836875,,,,,
0.0041706114800696146,ADS_3415_1_1,ADS_3415_2_1,-0.9555,,,,,
0.003438709877427608,ADS_3415_1_2,ADS_3415_2_2,-1.930625,,,,,
0.004683634374699932,ADS_3502_1_1,ADS_3502_2_1,1.0,,,,,
0.004212211419157743,ADS_3502_1_2,ADS_3502_2_2,0.383125,,,,,
0.0056535198530979405,ADS_3505_1_1,ADS_3505_2_1,-23.177625,,,,,
0.005320030252580344,ADS_3505_1_2,ADS_3505_2_2,6.449125,,,,,
0.005508330074127344,ADS_3508_1_1,ADS_3508_2_1,-33.145875,,,,2.0,
0.0059575399020322575,ADS_3508_1_2,ADS_3508_2_2,-12.05975,,,,2.0,
0.0050555492327326295,ADS_3604_1_1,ADS_3604_2_1,-0.5215625,,,,,
0.003825505636236535,ADS_3604_1_2,ADS_3604_2_2,-1.054,,,,,
0.008051289843938651,ADS_3607_1_1,ADS_3607_2_1,-0.528125,,,,,
0.006488221459895431,ADS_3607_1_2,ADS_3607_2_2,-3.5439375,,,,,
0.003530797292261392,ADS_3611_1_1,ADS_3611_2_1,-2.0609375,,,,,
0.003773735962322839,ADS_3611_1_2,ADS_3611_2_2,-0.8553125,,,,,
0.006109983776612533,ADS_3803_1_1,ADS_3803_2_1,-0.406,,,,0.0,p
0.005190624756089668,ADS_3803_1_2,ADS_3803_2_2,-0.0025,,,,,
0.004818955445255777,ADS_3901_1_1,ADS_3901_2_1,-1.0435625,,,,1.0,
0.004918854004046435,ADS_3901_1_2,ADS_3901_2_2,-0.61825,,,,1.0,
0.006857118967042028,ADS_3930_1_1,ADS_3930_2_1,-1.632125,,,,,
0.005503563646323586,ADS_3930_1_2,ADS_3930_2_2,-1.5673125,,,,,
0.004727771556147859,ADS_3942_1_1,ADS_3942_2_1,-7.3453125,,,,2.0,
0.0037034136431420704,ADS_3942_1_2,ADS_3942_2_2,-7.357625,x,,massive shift at 4:26.30,1.0,p
0.005326640273412311,ADS_3951_1_1,ADS_3951_2_1,0.0980625,,,,,
0.005200329059233654,ADS_3951_1_2,ADS_3951_2_2,-0.4519375,,,,,
0.0038105628591826608,ADS_3956_1_1,ADS_3956_2_1,-0.5349375,,,,1.0,
0.004085657359755277,ADS_3956_1_2,ADS_3956_2_2,0.33675,,,,1.0,
0.004538377439527358,ADS_4007_1_1,ADS_4007_2_1,0.6648125,,,,,
0.0043496940528351055,ADS_4007_1_2,ADS_4007_2_2,-1.50825,,,,,
0.004063491056809461,ADS_4104_1_1,ADS_4104_2_1,-8.5795,,,,,
0.003389152148889589,ADS_4104_1_2,ADS_4104_2_2,-6.163375,,,,,
0.005774563884224938,ADS_4111_1_1,ADS_4111_2_1,0.1381875,,,,,
0.014544940857259506,ADS_4111_1_2,ADS_4111_2_2,-1.595625,,,,,
0.005560897048913375,ADS_4241_1_1,ADS_4241_2_1,-12.25725,,,,,
0.005928066528982525,ADS_4241_1_2,ADS_4241_2_2,-7.7761875,,,,2.0,
0.005782445648266733,ADS_4415_1_1,ADS_4415_2_1,-2.3768125,,,,1.0,
0.005873130235668722,ADS_4415_1_2,ADS_4415_2_2,-2.0508125,,,,1.0,
0.004341815773399928,ADS_4416_1_1,ADS_4416_2_1,1.623875,,,,,
0.0025129123103701987,ADS_4416_1_2,ADS_4416_2_2,-0.4705,,,,,
0.0030492018818843447,ADS_4914_1_1,ADS_4914_2_1,-4.141125,,,,,
0.0023778012254343905,ADS_4914_1_2,ADS_4914_2_2,-0.914,,,,,
0.005802463614511254,ADS_4918_1_1,ADS_4918_2_1,197.8949375,,,,,
0.005600517365462436,ADS_4918_1_2,ADS_4918_2_2,27.4430625,,,,,
0.0036104650123356774,ADS_5008_1_1,ADS_5008_2_1,-117.4995,,,,,
0.003440807609344521,ADS_5008_1_2,ADS_5008_2_2,0.3304375,,,,,
0.005198280786822314,ADS_5115_1_1,ADS_5115_2_1,-2.0188125,,,,,
0.006800364462540664,ADS_5115_1_2,ADS_5115_2_2,-1.0378125,,,,,
0.006535742645724507,ADS_5116_1_1,ADS_5116_2_1,-1.3695625,,,,,
0.005513158948995829,ADS_5116_1_2,ADS_5116_2_2,-0.4915,,,,,
0.005378808385643953,ADS_5207_1_1,ADS_5207_2_1,-3.2059375,,,,2.0,
0.004257218366160881,ADS_5207_1_2,ADS_5207_2_2,-5.5700625,,,,2.0,
0.003416788368352343,ADS_5226_1_1,ADS_5226_2_1,-4.971625,,,,,
0.006869684178453977,ADS_5226_1_2,ADS_5226_2_2,-2.089375,,,,,
0.007989428484909909,ADS_5320_1_1,ADS_5320_2_1,-4.061375,,,,1.0,
0.00713132689038215,ADS_5320_1_2,ADS_5320_2_2,-3.1428125,,,,2.0,
0.0028578582154719823,ADS_5358_1_1,ADS_5358_2_1,-53.2805625,,,,1.0,
0.0035668823329882554,ADS_5358_1_2,ADS_5358_2_2,7.3878125,,,,,
0.0038627452276654155,ADS_5403_1_1,ADS_5403_2_1,-1.1935,,,,,
0.0032392136972712844,ADS_5403_1_2,ADS_5403_2_2,-1.982125,,,,,
0.0037697752112017687,ADS_5508_1_1,ADS_5508_2_1,-6.8604375,,,,1.0,
0.00505827951723194,ADS_5508_1_2,ADS_5508_2_2,-2.0495,,,,1.0,
0.004913350338801197,ADS_5512_1_1,ADS_5512_2_1,-0.5075,,,,1.0,
0.005299409025167884,ADS_5512_1_2,ADS_5512_2_2,-5.487,,,,1.0,
0.0064436890920623975,ADS_5520_1_1,ADS_5520_2_1,-1.31425,,,,2.0,
0.004279527449928595,ADS_5520_1_2,ADS_5520_2_2,-1.4688125,,,,1.0,
0.0061853919545891796,ADS_5528_1_1,ADS_5528_2_1,-332.4598125,,,,1.0,p
0.004164119402999147,ADS_5528_1_2,ADS_5528_2_2,-0.8290000000000001,,,,1.0,
0.00914303265517472,ADS_5704_1_1,ADS_5704_2_1,-0.67,,,,,
0.004510190772334029,ADS_5704_1_2,ADS_5704_2_2,-1.7228125,,,,,
0.0037713135025508266,ADS_5805_1_1,ADS_5805_2_1,-1.873875,,,,,
0.0033595333947272197,ADS_5805_1_2,ADS_5805_2_2,-2.843875,,,,,
0.0056919739396111705,ADS_5819_1_1,ADS_5819_2_1,-421.981625,,,,,
0.003463267899329321,ADS_5819_1_2,ADS_5819_2_2,-2.0390625,,,,,
0.005011044089071151,ADS_5826_1_1,ADS_5826_2_1,0.6111875,,,,,
0.004658805267679186,ADS_5826_1_2,ADS_5826_2_2,-2.8785625,,,,,
0.0055425204011334715,ADS_5838_1_1,ADS_5838_2_1,-0.60275,,,,,
0.003119247546747945,ADS_5838_1_2,ADS_5838_2_2,-1.736625,,,,,
0.003248605060006589,ADS_5862_1_1,ADS_5862_2_1,7.7835625,,,,,
0.004200017407968725,ADS_5862_1_2,ADS_5862_2_2,-9.590125,,,,,
0.005894877429237193,ADS_5911_1_1,ADS_5911_2_1,-2.10775,,,,,
0.004681789328578489,ADS_5911_1_2,ADS_5911_2_2,-1.4010625,,,,,
0.003042097609150615,ADS_6059_1_1,ADS_6059_2_1,-1.057375,,,,,
0.005441169654850881,ADS_6059_1_2,ADS_6059_2_2,-1.112,,,,,
0.004360285709324493,ADS_6113_1_1,ADS_6113_2_1,-13.712,,,,1.0,
0.0037375951636993655,ADS_6113_1_2,ADS_6113_2_2,-15.2908125,,,,1.0,
0.003042516258843975,ADS_6209_1_1,ADS_6209_2_1,-0.4254375,,,,1.0,
0.0036915403454479225,ADS_6209_1_2,ADS_6209_2_2,-0.3165,,,,1.0,
0.003924924257590357,ADS_6211_1_1,ADS_6211_2_1,-4.950375,,,,,
0.0048816985504587795,ADS_6211_1_2,ADS_6211_2_2,-1.3250625,,,,,
0.005632205562427359,ADS_6213_1_1,ADS_6213_2_1,-13.531125,,,,1.0,
0.0046968496122283,ADS_6213_1_2,ADS_6213_2_2,-6.369625,,,,1.0,
0.004308547518601145,ADS_6306_1_1,ADS_6306_2_1,0.34675,,,,2.0,
0.004357023317635043,ADS_6306_1_2,ADS_6306_2_2,-3.9869375,,,,1.0,
0.0039577404671249285,ADS_6312_1_1,ADS_6312_2_1,-3.446375,,,,,
0.004389999193066082,ADS_6312_1_2,ADS_6312_2_2,-4.906125,,,,,
0.010368962660270226,ADS_6405_1_1,ADS_6405_2_1,6.6638125,,,,,
0.009496753452097386,ADS_6405_1_2,ADS_6405_2_2,8.8128125,,,,,
0.006682519830594848,ADS_6406_1_1,ADS_6406_2_1,-2.5540000000000003,,,,,
0.004897516891494556,ADS_6406_1_2,ADS_6406_2_2,-3.0866875,,,,,
0.00351087788633072,ADS_6421_1_1,ADS_6421_2_1,-2.766,,,,,
0.0037641469433576727,ADS_6421_1_2,ADS_6421_2_2,-1.607,,,,,
0.006751718855869153,ADS_6513_1_1,ADS_6513_2_1,-1.018625,,,,,
0.005415418982468609,ADS_6513_1_2,ADS_6513_2_2,-1.9155,,,,,
0.003346146893862508,ADS_6525_1_1,ADS_6525_2_1,-1.8404375,,,,,
0.004208418326155893,ADS_6525_1_2,ADS_6525_2_2,-1.09575,,,,,
0.003812620640197139,ADS_6529_1_1,ADS_6529_2_1,-2.2740625,,,,,
0.004165826467651164,ADS_6529_1_2,ADS_6529_2_2,-2.9265625,,,,,
0.004341460409046914,ADS_6624_1_1,ADS_6624_2_1,-1.26075,,,,,
0.005169218464499142,ADS_6624_1_2,ADS_6624_2_2,-1.1214375,,,,,
0.003257866379063266,ADS_6703_1_1,ADS_6703_2_1,-0.3665625,,,,,
0.004428261452895241,ADS_6703_1_2,ADS_6703_2_2,-1.9365,,,,,
0.005928187583491832,ADS_6708_1_1,ADS_6708_2_1,-0.8433125,,,,3.0,
0.005873601771756503,ADS_6708_1_2,ADS_6708_2_2,-5.2004375,,,,2.0,
0.005519212288079188,ADS_6717_1_1,ADS_6717_2_1,-14.5634375,,,,2.0,
0.006153936605724917,ADS_6717_1_2,ADS_6717_2_2,-5.3181875,,,,1.0,
0.002888668396913025,ADS_6729_1_1,ADS_6729_2_1,4.75625,,,,1.0,
0.00273332853921993,ADS_6729_1_2,ADS_6729_2_2,5.3418125,,,,1.0,
0.007485223547077022,ADS_6804_1_1,ADS_6804_2_1,-1.4263125,,,,,
0.009478820850332036,ADS_6804_1_2,ADS_6804_2_2,-1.579,,,,,
0.005521167647318429,ADS_6809_1_1,ADS_6809_2_1,-10.3511875,,,,,
0.0049923869576391465,ADS_6809_1_2,ADS_6809_2_2,8.669375,,,,,
0.004879422963284846,ADS_6813_1_1,ADS_6813_2_1,-2.58575,,,,,
0.003849505592414826,ADS_6813_1_2,ADS_6813_2_2,-2.151625,,,,,
0.003610090289575811,ADS_6818_1_1,ADS_6818_2_1,76.9465625,,,,,
0.004380789515040474,ADS_6818_1_2,ADS_6818_2_2,-2.4615,,,,,
0.005384765620989314,ADS_6822_1_1,ADS_6822_2_1,-35.6018125,,,,,
0.005273763298496907,ADS_6822_1_2,ADS_6822_2_2,-1.6063125,,,,,
0.004715426310934328,ADS_6828_1_1,ADS_6828_2_1,-1.22425,,,,,
0.004398229120317792,ADS_6828_1_2,ADS_6828_2_2,-1.8073125,,,,,
0.0055970172662708605,ADS_6905_1_1,ADS_6905_2_1,-2.29025,,,,,
0.003911756672147168,ADS_6905_1_2,ADS_6905_2_2,0.700625,,,,,
0.005551553838541126,ADS_6906_1_1,ADS_6906_2_1,-30.181875,,,,,
0.004360108253708757,ADS_6906_1_2,ADS_6906_2_2,9.8455,,,,,
0.004389873095465972,ADS_6910_1_1,ADS_6910_2_1,3.4225,,,,,
0.004777461199292326,ADS_6910_1_2,ADS_6910_2_2,-1.700875,,,,,
0.007156105221102417,ADS_7101_1_1,ADS_7101_2_1,-0.8064375,,,,,
0.00438348285282162,ADS_7101_1_2,ADS_7101_2_2,-1.70425,,,,,
0.007386388130206664,ADS_7202_1_1,ADS_7202_2_1,-274.7244375,,,,,
0.006370467504004728,ADS_7202_1_2,ADS_7202_2_2,-0.7409375,,,,,
0.006185021811947853,ADS_7203_1_1,ADS_7203_2_1,10.6035,,,,,
0.0047416917312722035,ADS_7203_1_2,ADS_7203_2_2,-9.0510625,,,,,
0.0025998449947016826,ADS_7308_1_1,ADS_7308_2_1,1.324875,,,,,
0.004309189308214993,ADS_7308_1_2,ADS_7308_2_2,-0.974625,,,,,
0.003904135497812416,ADS_7328_1_1,ADS_7328_2_1,-1.8558125,,,,,
0.003506357468215046,ADS_7328_1_2,ADS_7328_2_2,-2.14975,,,,,
0.002623321438180081,ADS_7339_1_1,ADS_7339_2_1,1.3063125,,,,,
0.0032794743348187982,ADS_7339_1_2,ADS_7339_2_2,-0.66225,,,,,
0.00559862343044053,ADS_7340_1_1,ADS_7340_2_1,4.6036875,,,,,
0.0037170711430074273,ADS_7340_1_2,ADS_7340_2_2,-5.61525,,,,,
0.006041399051397422,ADS_7504_1_1,ADS_7504_2_1,-2.565,,,,,
0.004262295291573329,ADS_7504_1_2,ADS_7504_2_2,-1.6289375,,,,,
0.0015524287724363445,ADS_7505_1_1,ADS_7505_2_1,-2.0338125,,,,,
0.0015076916432686554,ADS_7505_1_2,ADS_7505_2_2,-2.7626875,,,,,
0.0037181682924276095,ADS_7510_1_1,ADS_7510_2_1,-1.6925625,,,,1.0,
0.004371767048390372,ADS_7510_1_2,ADS_7510_2_2,-1.1360625,,,,1.0,
0.0051275767390753894,ADS_7516_1_1,ADS_7516_2_1,-4.4423125,,,,,
0.0042374073244752,ADS_7516_1_2,ADS_7516_2_2,-1.2170625,,,,,
0.007218024430824227,ADS_7523_1_1,ADS_7523_2_1,6.616625,,,,,
0.005274231253350728,ADS_7523_1_2,ADS_7523_2_2,-9.8254375,,,,1.0,
0.005904325549649298,ADS_7536_1_1,ADS_7536_2_1,-0.11675,,,,,
0.0043982939571749645,ADS_7536_1_2,ADS_7536_2_2,-1.3406875,,,,,
0.004588284882827692,ADS_7540_1_1,ADS_7540_2_1,-8.2366875,,,,1.0,
0.006718101591937689,ADS_7540_1_2,ADS_7540_2_2,-6.4605,,,,0.0,
0.006242373901269686,ADS_7619_1_1,ADS_7619_2_1,-14.7820625,,,,2.0,
0.0043019727300217855,ADS_7619_1_2,ADS_7619_2_2,-8.0930625,,,,1.0,
0.0033782406031022784,ADS_7701_1_1,ADS_7701_2_1,0.35200000000000004,,,,,
0.0027574800987799518,ADS_7701_1_2,ADS_7701_2_2,-0.02275,,,,,
0.003786272909148275,ADS_7807_1_1,ADS_7807_2_1,-0.98375,,,,2.0,
0.0035539904703728157,ADS_7807_1_2,ADS_7807_2_2,-4.2625625,,,,1.0,
0.0040188614944648435,ADS_7808_1_1,ADS_7808_2_1,-4.5343125,,,,3.0,
0.005263288388366746,ADS_7808_1_2,ADS_7808_2_2,-3.9654375,,,,1.0,c
0.002115419174544454,ADS_7813_1_1,ADS_7813_2_1,-4.7904375,,,,,
0.0021877089385998073,ADS_7813_1_2,ADS_7813_2_2,-2.0014375,,,,,
0.002976785949930628,ADS_7901_1_1,ADS_7901_2_1,-3.8723125,,,,,
0.0028847681181134264,ADS_7901_1_2,ADS_7901_2_2,-1.356125,,,,,
0.0036750987575498,ADS_7902_1_1,ADS_7902_2_1,-2.182375,,,,,
0.004572026512922321,ADS_7902_1_2,ADS_7902_2_2,-1.2093125,,,,,
0.004642675791983653,ADS_7916_1_1,ADS_7916_2_1,9.40975,,,,,
0.004455010792849709,ADS_7916_1_2,ADS_7916_2_2,9.5084375,,,,,
0.003296927120629709,ADS_8009_1_1,ADS_8009_2_1,-0.70175,,,,,
0.003946606472565272,ADS_8009_1_2,ADS_8009_2_2,-0.3586875,,,,,
0.00605787650299602,ADS_8019_1_1,ADS_8019_2_1,-2.3025625,,,,,
0.0053952646929459344,ADS_8019_1_2,ADS_8019_2_2,-2.120125,,,,,
0.0025400530814401025,ADS_8023_1_1,ADS_8023_2_1,2.093875,,,,,
0.0031539321940682627,ADS_8023_1_2,ADS_8023_2_2,-2.997625,,,,,
0.007047375144920977,ADS_8101_1_1,ADS_8101_2_1,2.9681875,,,,,
0.005991166768841063,ADS_8101_1_2,ADS_8101_2_2,-1.76775,,,,,
0.006316661536256234,ADS_8114_1_1,ADS_8114_2_1,-1.702375,,,,,
0.005979476266684606,ADS_8114_1_2,ADS_8114_2_2,0.06725,,,,,
0.005460350604443708,ADS_8119_1_1,ADS_8119_2_1,-5.7235,,,,,
0.004050480569465715,ADS_8119_1_2,ADS_8119_2_2,6.1898125,,,,,
0.003350522447569157,ADS_8131_1_1,ADS_8131_2_1,-4.335,,,,,
0.004141204464735935,ADS_8131_1_2,ADS_8131_2_2,-1.7083125,,,,,
0.005743947903626243,ADS_8147_1_1,ADS_8147_2_1,-3.6904375,,,,,
0.006487035412678852,ADS_8147_1_2,ADS_8147_2_2,-2.635875,,,,,
0.011106953509776194,ADS_8149_1_1,ADS_8149_2_1,-3.031375,,,,,
0.010939395058692163,ADS_8149_1_2,ADS_8149_2_2,-1.5644375,,,,,
0.006365791152417599,ADS_8201_1_1,ADS_8201_2_1,-11.216375,,,,,
0.007928540316591064,ADS_8201_1_2,ADS_8201_2_2,-9.7648125,,,,,
0.005530113583215358,ADS_8225_1_1,ADS_8225_2_1,-12.73075,,,,,
0.006432310911539641,ADS_8225_1_2,ADS_8225_2_2,-7.4855,,,,,
0.003376083895604912,ADS_8237_1_1,ADS_8237_2_1,3.8395,,,,,
0.003123860464542218,ADS_8237_1_2,ADS_8237_2_2,-0.78,,,,,
0.005539808626128157,ADS_8255_1_1,ADS_8255_2_1,-91.9448125,,,,,
0.005755217028187334,ADS_8255_1_2,ADS_8255_2_2,-3.2814375,,,,,
0.004672282918028265,ADS_8310_1_1,ADS_8310_2_1,0.8208125,,,,,
0.0040797213426599895,ADS_8310_1_2,ADS_8310_2_2,-1.1955,,,,,
0.003320705850481651,ADS_8313_1_1,ADS_8313_2_1,28.46725,,,,1.0,
0.003071853022349666,ADS_8313_1_2,ADS_8313_2_2,-0.07125,,,,2.0,
0.005661698135447679,ADS_8502_1_1,ADS_8502_2_1,-3.15275,,,,,
0.005392619242609932,ADS_8502_1_2,ADS_8502_2_2,-2.437125,,,,,
0.0038276588207399437,ADS_8516_1_1,ADS_8516_2_1,-4.4323125,,,,,
0.00399794210693826,ADS_8516_1_2,ADS_8516_2_2,4.0689375,,,,,
0.005929678807971473,ADS_8526_1_1,ADS_8526_2_1,-9.1451875,,,,,
0.0057763227017474045,ADS_8526_1_2,ADS_8526_2_2,-1.801875,,,,,
0.003934531474872314,ADS_8530_1_1,ADS_8530_2_1,7.948875,,,,,
0.00421338059802416,ADS_8530_1_2,ADS_8530_2_2,13.1380625,,,,,
0.0037833978183981452,ADS_8611_1_1,ADS_8611_2_1,1.5008125,,,,1.0,
0.00350042180831254,ADS_8611_1_2,ADS_8611_2_2,0.0058125,,,,1.0,
0.005140785994852007,ADS_8816_1_1,ADS_8816_2_1,-0.02025,,,,,
0.0050403258912864075,ADS_8816_1_2,ADS_8816_2_2,-2.9359375,,,,,
0.013633966421282269,ADS_8820_1_1,ADS_8820_2_1,-3.1940625,,,,,
0.01657931883297811,ADS_8820_1_2,ADS_8820_2_2,-1.5299375,,,,,
0.003409436297187534,ADS_9001_1_1,ADS_9001_2_1,-0.5975625,,,,2.0,
0.0030320654244968192,ADS_9001_1_2,ADS_9001_2_2,-0.2535,,,,1.0,
0.00469277114458141,ADS_9304_1_1,ADS_9304_2_1,-1.1273125,,,,,
0.004725364251798732,ADS_9304_1_2,ADS_9304_2_2,-10.78475,,,,,
0.005575241544415131,ADS_9311_1_1,ADS_9311_2_1,-9.0000625,,,,,
0.0045275504022361645,ADS_9311_1_2,ADS_9311_2_2,-10.850625,,,,,
0.0039374610800396405,ADS_9312_1_1,ADS_9312_2_1,-0.5155625,,,,,
0.0033962641620414336,ADS_9312_1_2,ADS_9312_2_2,541.5048125,,,,,
0.0055900614535008535,ADS_9321_1_1,ADS_9321_2_1,-1.3485,,,,,
0.004549925448348669,ADS_9321_1_2,ADS_9321_2_2,-1.875375,,,,,
0.005713021742253811,ADS_9420_1_1,ADS_9420_2_1,-1.6676875,,,,,
0.0075311983060128785,ADS_9420_1_2,ADS_9420_2_2,1.3108125,,,,,
0.00288613187418536,ADS_9424_1_1,ADS_9424_2_1,-0.049375,,,,,
0.003126027551928136,ADS_9424_1_2,ADS_9424_2_2,2.1848125,,,,,
0.004348008449284967,ADS_9506_1_1,ADS_9506_2_1,-5.161375,,,,1.0,
0.0058384117081205725,ADS_9506_1_2,ADS_9506_2_2,0.7305,,,,,
0.005537767217052406,ADS_9507_1_1,ADS_9507_2_1,-2.9221875,,,,1.0,
0.005207092919426646,ADS_9507_1_2,ADS_9507_2_2,-4.643375,,,,1.0,
0.005202269195400235,ADS_9508_1_1,ADS_9508_2_1,-8.2006875,,,,1.0,
0.005099618455552218,ADS_9508_1_2,ADS_9508_2_2,-11.615375,,,,1.0,
0.00302866790542898,ADS_9619_1_1,ADS_9619_2_1,-10.3763125,,,,,
0.004052825123531888,ADS_9619_1_2,ADS_9619_2_2,-1.9531875,,,,,
0.00523633780007552,ADS_9622_1_1,ADS_9622_2_1,-1.937875,,,,,
0.005882101531133622,ADS_9622_1_2,ADS_9622_2_2,5.8888125,,,,,
0.0026934729710946514,ADS_9624_1_1,ADS_9624_2_1,-1.316375,,,,,
0.002552170827677752,ADS_9624_1_2,ADS_9624_2_2,-1.4461875,,,,,
0.006549483496911715,TPOT_0032_1_2,TPOT_0032_2_2,0.3735625,,,,,
0.006710611578322845,TPOT_0032_1_1,TPOT_0032_2_1,0.5395,,,,,
0.010242461574726051,TPOT_0167_1_1,TPOT_0167_2_1,0.007125,,,,,
0.00866582668240607,TPOT_0167_1_2,TPOT_0167_2_2,-0.8525,,,,,
0.007402708379584959,TPOT_0537_1_1,TPOT_0537_2_1,0.173125,,,,,
0.009026945656103574,TPOT_0537_1_2,TPOT_0537_2_2,0.2834375,,,,,
0.009172629107940304,TPOT_0568_1_1,TPOT_0568_2_1,0.5341875,,,,,
0.009342978463685515,TPOT_0568_1_2,TPOT_0568_2_2,0.036625,,,,,
0.00644819714421331,TPOT_0606_1_1,TPOT_0606_2_1,-0.245375,,,,,
0.005925927325608402,TPOT_0606_1_2,TPOT_0606_2_2,-0.046875,,,,,
0.012893576629304262,TPOT_0609_1_1,TPOT_0609_2_1,-0.3268125,,,,,
0.010545626024055751,TPOT_0609_1_2,TPOT_0609_2_2,0.410875,,,,,
0.008949347195814594,TPOT_0788_1_1,TPOT_0788_2_1,0.422125,,,,,
0.009365366961593432,TPOT_0788_1_2,TPOT_0788_2_2,0.6431875,,,,,
0.005239965650604375,TPOT_0906_1_1,TPOT_0906_2_1,0.1255625,,,,,
0.010528343056408762,TPOT_0906_1_2,TPOT_0906_2_2,0.926125,,,,,
0.021356247866222568,TPOT_1053_1_1,TPOT_1053_2_1,0.6406875,,,,,
0.008439712673459401,TPOT_1053_1_2,TPOT_1053_2_2,-0.6058125,,,,,
0.004205916180367742,TPOT_1118_1_1,TPOT_1118_2_1,0.032125,,,,,
0.012205213133414484,TPOT_1118_1_2,TPOT_1118_2_2,0.3301875,,,,,
0.008507781431566675,TPOT_1632_1_1,TPOT_1632_2_1,0.0815,,,,,
0.011541133371556595,TPOT_1632_1_2,TPOT_1632_2_2,-0.4025625,,,,,
0.013396923611013429,TPOT_2244_1_1,TPOT_2244_2_1,0.303375,,,,,
0.01233669794083312,TPOT_2244_1_2,TPOT_2244_2_2,0.5325625,,,,,
0.006555616686215754,TPOT_2616_1_1,TPOT_2616_2_1,-248.0279375,,,,,
0.010501708684562534,TPOT_2616_1_2,TPOT_2616_2_2,-0.3393125,,,,,
0.004938085363360521,TPOT_2682_1_1,TPOT_2682_2_1,0.35275,,,,,
0.0039365900788846395,TPOT_2682_1_2,TPOT_2682_2_2,-521.8699375,,,,,
0.0069031942363657174,TPOT_2690_1_1,TPOT_2690_2_1,0.07425,,,,,
0.012841335576582569,TPOT_2690_1_2,TPOT_2690_2_2,0.384375,,,,,
0.00379733398650294,TPOT_4120_1_1,TPOT_4120_2_1,-0.6570625,,,,,
0.007597474836003556,TPOT_4120_1_2,TPOT_4120_2_2,0.5835625,,,,,
0.014799096731058003,TPOT_4150_1_1,TPOT_4150_2_1,-0.562875,,,,,
0.012480653141273057,TPOT_4150_1_2,TPOT_4150_2_2,0.2443125,,,,,
0.00886015142341583,TPOT_4237_1_1,TPOT_4237_2_1,38.4504375,,,,,
0.005334073562625244,TPOT_4237_1_2,TPOT_4237_2_2,0.5095625,,,,,
0.011426715063966959,TPOT_4297_1_1,TPOT_4297_2_1,356.8461875,,,,,
0.01168228914210084,TPOT_4297_1_2,TPOT_4297_2_2,0.7031875,,,,,
0.006982906133186595,TPOT_4468_1_1,TPOT_4468_2_1,-0.67625,,,,,
0.007467698702251894,TPOT_4468_1_2,TPOT_4468_2_2,0.6186875,,,,,
0.004288160116840866,TPOT_4480_1_1,TPOT_4480_2_1,0.225125,,,,,
0.007027422867806156,TPOT_4480_1_2,TPOT_4480_2_2,-0.5890625,,,,,
0.007907905171465154,TPOT_4704_1_1,TPOT_4704_2_1,0.0236875,,,,,
0.007430006224861302,TPOT_4704_1_2,TPOT_4704_2_2,0.5666875,,,,,
0.012777142135880123,TPOT_4707_1_1,TPOT_4707_2_1,-0.9226875,,,,,
0.012232784486631723,TPOT_4707_1_2,TPOT_4707_2_2,0.0711875,,,,,
0.012492660763402164,TPOT_4717_1_1,TPOT_4717_2_1,315.248875,,,,,
0.011482302024603135,TPOT_4717_1_2,TPOT_4717_2_2,-0.9675,,,,,
0.011366322615990122,TPOT_4720_1_1,TPOT_4720_2_1,0.0265625,,,,,
0.011525950401014224,TPOT_4720_1_2,TPOT_4720_2_2,-0.577875,,,,,
0.01494066032883497,TPOT_4726_1_1,TPOT_4726_2_1,0.9325,,,,,
0.007378074146590502,TPOT_4726_1_2,TPOT_4726_2_2,277.769125,,,,,
0.014606259658388115,TPOT_4813_1_1,TPOT_4813_2_1,0.272875,,,,,
0.0141447646069188,TPOT_4813_1_2,TPOT_4813_2_2,-336.5249375,,,,,
0.008260762573481299,TPOT_4858_1_1,TPOT_4858_2_1,-0.3446875,,,,,
0.009153192916154662,TPOT_4858_1_2,TPOT_4858_2_2,-0.6310625,,,,,
0.00750093566796743,TPOT_4904_1_1,TPOT_4904_2_1,0.0993125,,,,,
0.011275959629409752,TPOT_4904_1_2,TPOT_4904_2_2,0.4634375,,,,,
0.004363143121583949,TPOT_4909_1_1,TPOT_4909_2_1,-0.677125,,,,,
0.006779386962750139,TPOT_4909_1_2,TPOT_4909_2_2,-47.9511875,,,,,
0.0199266160538375,TPOT_4988_1_1,TPOT_4988_2_1,0.7356875,,,,,
0.005921184937134021,TPOT_4988_1_2,TPOT_4988_2_2,440.93675,,,,,
0.011251642426626136,TPOT_5031_1_1,TPOT_5031_2_1,0.49825,,,,,
0.008847937653631021,TPOT_5031_1_2,TPOT_5031_2_2,0.3238125,,,,,
0.019373247360987573,TPOT_5039_1_1,TPOT_5039_2_1,0.1905,,,,,
0.03579476234095351,TPOT_5039_1_2,TPOT_5039_2_2,-0.0280625,,,,,
0.007609265334339289,TPOT_5244_1_1,TPOT_5244_2_1,0.1315,,,,,
0.00974553174108081,TPOT_5244_1_2,TPOT_5244_2_2,0.2351875,,,,,
0.0047229773831666145,TPOT_5631_1_1,TPOT_5631_2_1,0.5744375,,,,,
0.006980728002256265,TPOT_5631_1_2,TPOT_5631_2_2,172.8295625,,,,,
0.007202236921337038,TPOT_5729_1_1,TPOT_5729_2_1,1.155,,,,,
0.009545407332051479,TPOT_5729_1_2,TPOT_5729_2_2,0.2126875,,,,,
0.008403030202162234,TPOT_5736_1_1,TPOT_5736_2_1,-0.298375,,,,,
0.012073526140668485,TPOT_5736_1_2,TPOT_5736_2_2,0.2258125,,,,,
0.010104837968523921,TPOT_5738_1_1,TPOT_5738_2_1,-0.3085625,,,,,
0.011939764315668143,TPOT_5738_1_2,TPOT_5738_2_2,0.4991875,,,,,
0.009616207742593749,TPOT_5744_1_1,TPOT_5744_2_1,-0.7144375,,,,,
0.012777337861769137,TPOT_5744_1_2,TPOT_5744_2_2,-0.2508125,,,,,
0.0052684034086207185,TPOT_5756_1_1,TPOT_5756_2_1,0.001125,,,,,
0.0031199014713046386,TPOT_5756_1_2,TPOT_5756_2_2,-0.0715625,,,,,
0.017923210533037595,TPOT_5842_1_1,TPOT_5842_2_1,0.2435625,,,,,
0.02893877276233594,TPOT_5842_1_2,TPOT_5842_2_2,0.13525,,,,,
0.0092008510085817,TPOT_5850_1_1,TPOT_5850_2_1,-0.8416875,,,,,
0.008898589352983282,TPOT_5850_1_2,TPOT_5850_2_2,0.200625,,,,,
0.011807476696601364,TPOT_5989_1_1,TPOT_5989_2_1,0.039,,,,,
0.010677966368281359,TPOT_5989_1_2,TPOT_5989_2_2,0.1981875,,,,,
0.011564321388598931,TPOT_6179_1_1,TPOT_6179_2_1,0.621875,,,,,
0.012846682812921615,TPOT_6179_1_2,TPOT_6179_2_2,0.975125,,,,,
0.010696883243729341,TPOT_6586_1_1,TPOT_6586_2_1,0.1039375,,,,,
0.006504152889665578,TPOT_6586_1_2,TPOT_6586_2_2,293.309375,,,,,
0.0074619923387710535,TPOT_6661_1_1,TPOT_6661_2_1,-0.5698125,,,,,
0.0061201431214265726,TPOT_6661_1_2,TPOT_6661_2_2,-0.4663125,,,,,
0.007378489150037016,TPOT_6749_1_1,TPOT_6749_2_1,61.9549375,,,,,
0.00934273668620516,TPOT_6749_1_2,TPOT_6749_2_2,0.2118125,,,,,
0.010202117055810166,TPOT_6896_1_1,TPOT_6896_2_1,0.284125,,,,,
0.013315039072568102,TPOT_6896_1_2,TPOT_6896_2_2,-0.3881875,,,,,
0.006703277519318889,TPOT_6970_1_1,TPOT_6970_2_1,0.0819375,,,,,
0.014359325785734288,TPOT_6970_1_2,TPOT_6970_2_2,0.1144375,,,,,
0.013382517554684512,TPOT_7011_1_1,TPOT_7011_2_1,-217.6474375,,,,,
0.012558040416572613,TPOT_7011_1_2,TPOT_7011_2_2,-0.60875,,,,,
0.010743434457627512,TPOT_7174_1_1,TPOT_7174_2_1,0.1314375,,,,,
0.012812329480366813,TPOT_7174_1_2,TPOT_7174_2_2,-0.22825,,,,,
0.009368808116914946,TPOT_7596_1_1,TPOT_7596_2_1,-273.001125,,,,,
0.008611793394993041,TPOT_7596_1_2,TPOT_7596_2_2,0.9746875,,,,,
0.008869527566470848,TPOT_7626_1_1,TPOT_7626_2_1,-0.926,,,,,
0.008898309352535244,TPOT_7626_1_2,TPOT_7626_2_2,-0.5315,,,,,
0.014318395011840441,TPOT_7648_1_1,TPOT_7648_2_1,-0.742375,,,,,
0.012153145598756462,TPOT_7648_1_2,TPOT_7648_2_2,0.1098125,,,,,
0.013628646426993057,TPOT_7814_1_1,TPOT_7814_2_1,0.507125,,,,,
0.007161889382237238,TPOT_7814_1_2,TPOT_7814_2_2,0.412125,,,,,
0.005487653199287279,TPOT_7907_1_1,TPOT_7907_2_1,-0.1645,,,,,
0.006216564635874096,TPOT_7907_1_2,TPOT_7907_2_2,0.7028125,,,,,
0.007285083799252556,TPOT_7925_1_1,TPOT_7925_2_1,0.2366875,,,,,
0.010526412412808285,TPOT_7925_1_2,TPOT_7925_2_2,0.528375,,,,,
0.014335086020254397,TPOT_8235_1_1,TPOT_8235_2_1,0.23675,,,,,
0.009152004106186143,TPOT_8235_1_2,TPOT_8235_2_2,0.9,,,,,
0.006860022254529464,TPOT_8289_1_1,TPOT_8289_2_1,1.49875,,,,,
0.008792661308739857,TPOT_8289_1_2,TPOT_8289_2_2,0.7704375,,,,,
0.013047228037435774,TPOT_8340_1_1,TPOT_8340_2_1,0.2845625,,,,,
0.012032434579778487,TPOT_8340_1_2,TPOT_8340_2_2,141.7818125,,,,,
0.01958634793196468,TPOT_8409_1_1,TPOT_8409_2_1,0.2854375,,,,,
0.0062535665047750285,TPOT_8409_1_2,TPOT_8409_2_2,-0.7934375,,,,,
0.011940241313633502,TPOT_8418_1_1,TPOT_8418_2_1,0.354125,,,,,
0.014298863820925857,TPOT_8418_1_2,TPOT_8418_2_2,-0.2581875,,,,,
0.03792989444397277,TPOT_8533_1_1,TPOT_8533_2_1,0.3066875,,,,,
0.006132219332235359,TPOT_8533_1_2,TPOT_8533_2_2,0.0124375,,,,,
0.005327808028001809,TPOT_8603_1_1,TPOT_8603_2_1,1.1183125,,,,,
0.0055278868245994895,TPOT_8603_1_2,TPOT_8603_2_2,0.253,,,,,
0.010677814210602259,TPOT_8668_1_1,TPOT_8668_2_1,0.3835625,,,,,
0.007911511107508479,TPOT_8668_1_2,TPOT_8668_2_2,-0.041125,,,,,
0.005598462768622968,TPOT_8693_1_1,TPOT_8693_2_1,0.016125,,,,,
0.014242375073539528,TPOT_8693_1_2,TPOT_8693_2_2,-0.33725,,,,,
0.007209755272927438,TPOT_8750_1_1,TPOT_8750_2_1,0.6840625,,,,,
0.007382095235848255,TPOT_8750_1_2,TPOT_8750_2_2,0.01575,,,,,
0.007862704977025773,TPOT_8979_1_1,TPOT_8979_2_1,0.1248125,,,,,
0.009099232482492779,TPOT_8979_1_2,TPOT_8979_2_2,-1.5979375,,,,,
0.010878481803138034,TPOT_8988_1_1,TPOT_8988_2_1,-1.047125,,,,,
0.024722861709921724,TPOT_8988_1_2,TPOT_8988_2_2,-0.000625,,,,,
0.009782345827366071,TPOT_9032_1_1,TPOT_9032_2_1,-0.4381875,,,,,
0.009282590221949535,TPOT_9032_1_2,TPOT_9032_2_2,-0.135375,,,,,
0.00846235687767068,TPOT_9243_1_1,TPOT_9243_2_1,-0.4608125,,,,,
0.010297084149853059,TPOT_9243_1_2,TPOT_9243_2_2,0.1474375,,,,,
0.011477928440184368,TPOT_9524_1_1,TPOT_9524_2_1,-0.4133125,,,,,
0.04218912769195733,TPOT_9524_1_2,TPOT_9524_2_2,0.2535,,,,,
0.00518060383329484,TPOT_9594_1_1,TPOT_9594_2_1,-1.329,,,,,
0.0076875394771417395,TPOT_9594_1_2,TPOT_9594_2_2,1.6245,,,,,
0.0070652184504020376,TPOT_9751_1_1,TPOT_9751_2_1,0.426625,,,,,
0.005390610732898936,TPOT_9751_1_2,TPOT_9751_2_2,-0.318125,,,,,
0.005757518896334714,TPOT_9885_1_2,TPOT_9885_2_2,0.2098125,,,,,
